{
  "version": "7",
  "dialect": "sqlite",
  "entries": [
    {
      "idx": 0,
      "version": "6",
      "when": 1725503601816,
      "tag": "0000_setup",
      "breakpoints": true
    },
    {
      "idx": 1,
      "version": "6",
      "when": 1725893145711,
      "tag": "0001_tired_wallow",
      "breakpoints": true
    },
    {
      "idx": 2,
      "version": "6",
      "when": 1726083401185,
      "tag": "0002_broad_starhawk",
      "breakpoints": true
    },
    {
      "idx": 3,
      "version": "6",
      "when": 1726149137049,
      "tag": "0003_dear_night_nurse",
      "breakpoints": true
    },
    {
      "idx": 4,
      "version": "6",
      "when": 1726775031594,
      "tag": "0004_smart_squadron_sinister",
      "breakpoints": true
    },
    {
      "idx": 5,
      "version": "6",
      "when": 1726874754507,
      "tag": "0005_past_spectrum",
      "breakpoints": true
    },
    {
      "idx": 6,
      "version": "6",
      "when": 1727045733264,
      "tag": "0006_eager_talon",
      "breakpoints": true
    },
    {
      "idx": 7,
      "version": "6",
      "when": 1727390877192,
      "tag": "0007_big_wendell_vaughn",
      "breakpoints": true
    },
    {
      "idx": 8,
      "version": "6",
      "when": 1728489520051,
      "tag": "0008_parallel_firedrake",
      "breakpoints": true
    },
    {
      "idx": 9,
      "version": "6",
      "when": 1728491507744,
      "tag": "0009_sad_invisible_woman",
      "breakpoints": true
    },
    {
      "idx": 10,
      "version": "6",
      "when": 1729378006992,
      "tag": "0010_sad_ultimatum",
      "breakpoints": true
    },
    {
      "idx": 11,
      "version": "6",
      "when": 1729533846359,
      "tag": "0011_orange_madame_web",
      "breakpoints": true
    },
    {
      "idx": 12,
      "version": "6",
      "when": 1730929856232,
      "tag": "0012_thick_mathemanic",
      "breakpoints": true
    },
    {
      "idx": 13,
      "version": "6",
      "when": 1738510574397,
      "tag": "0013_chunky_purple_man",
      "breakpoints": true
    },
    {
      "idx": 14,
      "version": "6",
      "when": 1738517676292,
      "tag": "0014_milky_magdalene",
      "breakpoints": true
    },
    {
      "idx": 15,
      "version": "6",
      "when": 1740259451765,
      "tag": "0015_brief_shiva",
      "breakpoints": true
    },
    {
      "idx": 16,
      "version": "6",
      "when": 1740259746864,
      "tag": "0016_certain_marvex",
      "breakpoints": true
    },
    {
      "idx": 17,
      "version": "6",
      "when": 1740265018616,
      "tag": "0017_tough_mentallo",
      "breakpoints": true
    },
    {
      "idx": 18,
      "version": "6",
      "when": 1740524560722,
      "tag": "0018_yielding_tattoo",
      "breakpoints": true
    },
    {
      "idx": 19,
      "version": "6",
      "when": 1740859551958,
      "tag": "0019_early_chimera",
      "breakpoints": true
    },
    {
      "idx": 20,
      "version": "6",
      "when": 1741356561726,
      "tag": "0020_dizzy_callisto",
      "breakpoints": true
    },
    {
      "idx": 21,
      "version": "6",
      "when": 1741654380559,
      "tag": "0021_known_black_widow",
      "breakpoints": true
    }
  ]
}